<?xml version="1.0" encoding="UTF-8"?>

<Object_Repository>
	<Application name="Google">
        <PageNode name="LoginPage">
            <Object name="userid">
				<repo>Google.LoginPage.userid</repo>
                <id>userid</id>
            </Object>
			<Object name = "goto">
				<repo>Google.LoginPage.goto</repo>
				<xpath>//*[@id='goto']</xpath>
			</Object>
			<Object name="signin">
				<repo>Google.LoginPage.signin</repo>
				<id>signin</id>
			</Object>
        </PageNode>
        <PageNode name="HomePage">
            <Object name="compose">
				<repo>Google.HomePage.compose</repo>
                <id>compose</id>
            </Object>
            <Object name="welcome">
				<repo>Google.HomePage.welcome</repo>
                <xpath>//*[@id='abc']</xpath>
            </Object>
		</PageNode>
	</Application>
	<Application name="Apple">
        <PageNode name="ResultPage">
            <Object name="userid">
			<repo>Apple.ResultPage.userid</repo>
                <id>userid</id>
            </Object>
            <Object name="password">
				<repo>Apple.ResultPage.password</repo>
                <xpath>//*[@id='password']</xpath>
			</Object>
            <Object name="signin">
				<repo>Apple.ResultPage.signin</repo>
                <id>signin</id>
            </Object>
        </PageNode>
	</Application>
</Object_Repository>
